"","Chisq","Df","Pr(>Chisq)"
"Organic",2.00627154336752,1,0.156649893621504
"SemiNatural",0.00401264470772946,1,0.949491432890395
"Dist.snh",0.681329352794312,1,0.409129341836799
"EMF_Production",8.44932668023914,1,0.00365178613659659
"Organic:SemiNatural",3.433381420548,1,0.0638911610500755
"Organic:Dist.snh",0.691594867786678,1,0.405622436286448
"Organic:EMF_Production",0.922171061521975,1,0.336905567395974
