"","Organic, Chi","Organic, P","","Landscape compo., Chi","P","","Landscape config., Chi","P","","Production, Chi","P","","Org:Landscape compo., Chi","P","","Org:Landscape config., Chi","P","","Org:Prod., Chi","P",""
"MB_MeanScMax",9.51896369830703,0.0020335938673964,"*",0.0664589008886233,0.796564167183541,"",1.65683192260619,0.198031614725633,"",0.0490540056954002,0.824717626177895,"",0.105083588982413,0.745812369127448,"",0.414692131946266,0.519597520652799,"",0.718413669084255,0.396664747893043,""
"MA_MeanScMax",1.35196848251904,0.244934278659196,"",0.148481002809712,0.699991213160765,"",2.57166376033086,0.108793255737576,"",0.516325067430396,0.472413527474889,"",0.134322950450735,0.713991299681791,"",0.0906344339283251,0.76337214841238,"",3.35150167727455,0.0671437347458271,""
"EMF_Regulation",0.874243621437997,0.349783167602023,"",0.000766406756185678,0.977914143186446,"",0.661872171246334,0.415899773512251,"",11.0742639637285,0.000875341590516652,"*",2.50718335058169,0.113328324095804,"",0.562200578346036,0.453374952515507,"",1.07587999924491,0.299621060010707,""
"EMF_Soil",0.21015562256385,0.646645455991663,"",0.214353467696017,0.643376390436657,"",0.00435590237651242,0.947378414268625,"",1.10878231633394,0.292346799159796,"",0.759264288766333,0.383558859689262,"",0.396212375381743,0.529051855497395,"",1.02854278909565,0.310501170480223,""
