"","Organic, Estimate","SE","Landscape compo., Estimate","SE","Landscape config., Estimate","SE","Production, Estimate","SE","Org:Landscape compo., Estimate","SE","Org:Landscape config., Estimate","SE","Org:Production, Estimate","SE","sigma","N","Marginal R2","Conditional R2"
"MB_MeanScMax",0.279692893904594,0.20081878279023,7.15392274801363e-05,0.00130376519354936,-0.00011221683315135,0.000376157188487681,0.173076286131778,0.215348780860598,-0.000481483547149045,0.00148529939046302,-0.000274041373679806,0.000425552590029744,-0.222575566756256,0.262597262534085,0.0646867162008844,38,0.210127676692159,0.419791068281343
"MA_MeanScMax",0.369050902988463,0.197143946772721,-0.000636094855511525,0.00120669353063243,-0.000414563883076039,0.000352279746602582,0.209980190521766,0.204017931986601,0.000567862795446654,0.00154941695725602,0.000130309818645193,0.000432843128183639,-0.467755679825437,0.255504968160749,0.0690919650061976,38,0.178397728885238,NA
"EMF_Regulation",0.205180738673348,0.198903159829034,-0.00152052089081034,0.00121938453455509,4.80590586389007e-05,0.000355977595223694,-0.242815552439831,0.206155290725953,0.00246785179911126,0.0015585689792633,-0.000326891993652999,0.000435972042067333,-0.267506133013125,0.25790028756133,0.0694257776347021,38,0.396553350434827,0.403347613485535
"EMF_Soil",-0.255537027672407,0.267536454414555,0.000456550091975046,0.00187030187494045,-0.000228926824606656,0.000525602941962191,-0.426469772882189,0.294071060295774,-0.00166913899016603,0.00191556112724553,0.000349893540929448,0.000555868299311521,0.356460917738451,0.351480098144793,0.0821372310238448,38,0.0834046756710244,0.496651365534109
